Category,Review,Rating
Data Engineer,learning spark machinelearning python language learning spark machinelearning python language,1
Data Engineer, ,1
Data Engineer,hadoop spark process hadoop spark process,1
Data Engineer,learning spark machinelearning naturallanguageprocessing python process learning spark machinelearning naturallanguageprocessing python process,1
Data Engineer,learning spark machinelearning pyspark tableau python hadoop process languageprocessing learning spark machinelearning pyspark tableau python hadoop process languageprocessing,4
Data Engineer, ,1
Data Engineer,deeplearning machinelearning tableau python language process lead deeplearning machinelearning tableau python language process lead,2
Data Engineer,hadoop python language hadoop python language,1
Data Engineer,python language python language,1
Data Engineer,spark pyspark hadoop python language spark pyspark hadoop python language,3
Data Engineer,learning machinelearning python language process learning machinelearning python language process,1
Data Engineer, ,1
Data Engineer,learning tableau python hadoop learning tableau python hadoop,2
Data Engineer,hadoop languageprocessing process hadoop languageprocessing process,1
Data Engineer,learning machinelearning python language learning machinelearning python language,1
Data Engineer, ,1
Data Engineer,learning python tableau learning python tableau,1
Data Engineer, ,1
Data Engineer, ,1
Data Engineer,lead python language lead python language,1
Data Engineer,learning spark python hadoop learning spark python hadoop,2
Data Engineer,spark pyspark hadoop python language process lead spark pyspark hadoop python language process lead,4
Data Engineer,spark hadoop language process spark hadoop language process,1
Data Engineer,spark python process languageprocessing spark python process languageprocessing,1
Data Engineer,spark pyspark hadoop python language spark pyspark hadoop python language,3
Data Engineer,spark deeplearning machinelearning python hadoop language process spark deeplearning machinelearning python hadoop language process,2
Data Engineer,learning machinelearning tableau python learning machinelearning tableau python,1
Data Engineer,hadoop python tableau hadoop python tableau,2
Data Engineer,spark pyspark deeplearning machinelearning python process languageprocessing spark pyspark deeplearning machinelearning python process languageprocessing,2
Data Engineer,tableau tableau,1
Data Engineer,python tableau python tableau,1
Data Engineer,hadoop hadoop,1
Data Engineer,learning python language process lead learning python language process lead,1
Data Engineer,language language,1
Data Engineer,hadoop hadoop,1
Data Engineer,lead python language lead python language,1
Data Engineer,spark pyspark deeplearning machinelearning tableau python process languageprocessing spark pyspark deeplearning machinelearning tableau python process languageprocessing,3
Data Engineer,learning machinelearning language learning machinelearning language,1
Data Engineer,spark hadoop process joining languageprocessing spark hadoop process joining languageprocessing,2
Data Engineer,learning machinelearning tableau python language learning machinelearning tableau python language,1
Data Engineer,python spark language python spark language,1
Data Engineer, ,1
Data Engineer,learning spark machinelearning tableau python hadoop language lead learning spark machinelearning tableau python hadoop language lead,4
Data Engineer,python python,1
Data Engineer,tableau language tableau language,1
Data Science, ,1
Data Science,deeplearning machinelearning tableau python language process deeplearning machinelearning tableau python language process,1
Data Science,deeplearning machinelearning naturallanguageprocessing python process deeplearning machinelearning naturallanguageprocessing python process,1
Data Science,learning python machinelearning learning python machinelearning,1
Data Science,learning machinelearning naturallanguageprocessing python hadoop process learning machinelearning naturallanguageprocessing python hadoop process,1
Data Science,learning python machinelearning learning python machinelearning,1
Data Science,learning machinelearning tableau python language learning machinelearning tableau python language,1
Data Science,spark pyspark deeplearning machinelearning tableau python hadoop language lead spark pyspark deeplearning machinelearning tableau python hadoop language lead,5
Data Science,spark pyspark deeplearning machinelearning tableau python hadoop language lead spark pyspark deeplearning machinelearning tableau python hadoop language lead,5
Data Science,deeplearning machinelearning python language lead deeplearning machinelearning python language lead,1
Data Science,spark deeplearning machinelearning python process languageprocessing spark deeplearning machinelearning python process languageprocessing,1
Data Science,learning spark deeplearning pyspark python language process learning spark deeplearning pyspark python language process,2
Data Science,learning processing machinelearning python process learning processing machinelearning python process,1
Data Science,deeplearning machinelearning tableau python language deeplearning machinelearning tableau python language,1
Data Science,deeplearning machinelearning tableau python language deeplearning machinelearning tableau python language,1
Data Science,learning spark machinelearning naturallanguageprocessing python hadoop process learning spark machinelearning naturallanguageprocessing python hadoop process,2
Data Science,learning machinelearning python joining lead learning machinelearning python joining lead,2
Data Science,deeplearning machinelearning python language deeplearning machinelearning python language,1
Data Science,learning machinelearning python language learning machinelearning python language,1
Data Science,learning spark machinelearning tableau python hadoop process languageprocessing learning spark machinelearning tableau python hadoop process languageprocessing,3
Data Science,learning machinelearning python screening learning machinelearning python screening,1
Data Science,learning machinelearning python hadoop language screening learning machinelearning python hadoop language screening,2
Data Science, ,1
Data Science,deeplearning machinelearning python process languageprocessing lead deeplearning machinelearning python process languageprocessing lead,1
Data Science,deeplearning machinelearning tableau python process languageprocessing deeplearning machinelearning tableau python process languageprocessing,1
Data Science,learning machinelearning python process languageprocessing lead learning machinelearning python process languageprocessing lead,1
Data Science,deeplearning machinelearning python language deeplearning machinelearning python language,1
Data Science,deeplearning machinelearning naturallanguageprocessing python process deeplearning machinelearning naturallanguageprocessing python process,1
Data Science,languageprocessing process languageprocessing process,1
Data Science,deeplearning machinelearning tableau python language process lead deeplearning machinelearning tableau python language process lead,2
Data Science,deeplearning machinelearning python process languageprocessing lead deeplearning machinelearning python process languageprocessing lead,1
Data Science,deeplearning machinelearning python process languageprocessing lead deeplearning machinelearning python process languageprocessing lead,1
Data Science,learning machinelearning python language lead learning machinelearning python language lead,1
Data Science,spark pyspark deeplearning machinelearning naturallanguageprocessing process spark pyspark deeplearning machinelearning naturallanguageprocessing process,1
Data Science,deeplearning machinelearning python language deeplearning machinelearning python language,1
Data Science,learning machinelearning naturallanguageprocessing python process learning machinelearning naturallanguageprocessing python process,1
Data Science,spark pyspark deeplearning machinelearning naturallanguageprocessing python process spark pyspark deeplearning machinelearning naturallanguageprocessing python process,2
Data Science,spark deeplearning machinelearning naturallanguage tableau python hadoop process lead spark deeplearning machinelearning naturallanguage tableau python hadoop process lead,4
Data Science,learning machinelearning tableau python process languageprocessing lead learning machinelearning tableau python process languageprocessing lead,2
Data Science,deeplearning machinelearning naturallanguageprocessing python process deeplearning machinelearning naturallanguageprocessing python process,1
Data Science, ,1
Data Science,spark deeplearning machinelearning tableau python language spark deeplearning machinelearning tableau python language,2
Data Science,python language python language,1
Data Science,learning machinelearning naturallanguageprocessing python process learning machinelearning naturallanguageprocessing python process,1
Data Science,deeplearning machinelearning python process languageprocessing deeplearning machinelearning python process languageprocessing,1
Data Science,deeplearning machinelearning python deeplearning machinelearning python,1
Data Science,python python,1
Data Science,deeplearning machinelearning python process languageprocessing lead deeplearning machinelearning python process languageprocessing lead,1
Data Science,processing deeplearning machinelearning python process processing deeplearning machinelearning python process,1
Data Science,learning spark machinelearning python learning spark machinelearning python,1
Data Science,learning spark machinelearning tableau python process languageprocessing learning spark machinelearning tableau python process languageprocessing,2
Data Science,learning machinelearning tableau hadoop process lead learning machinelearning tableau hadoop process lead,2
Data Science,learning machinelearning language process learning machinelearning language process,1
Data Science,language process language process,1
Data Science,learning machinelearning naturallanguageprocessing process learning machinelearning naturallanguageprocessing process,1
Data Science,learning machinelearning learning machinelearning,1
Data Science,learning machinelearning tableau python process languageprocessing learning machinelearning tableau python process languageprocessing,1
Data Science,learning spark machinelearning naturallanguageprocessing python process learning spark machinelearning naturallanguageprocessing python process,1
Data Science,learning machinelearning python language process lead learning machinelearning python language process lead,1
Data Science,learning spark machinelearning python hadoop process languageprocessing lead learning spark machinelearning python hadoop process languageprocessing lead,3
Data Science,learning spark machinelearning python hadoop process languageprocessing learning spark machinelearning python hadoop process languageprocessing,2
Data Science,learning machinelearning tableau python process languageprocessing learning machinelearning tableau python process languageprocessing,1
Data Science,learning machinelearning language learning machinelearning language,1
Data Science,deeplearning machinelearning naturallanguageprocessing python process deeplearning machinelearning naturallanguageprocessing python process,1
Data Science,spark deeplearning machinelearning tableau hadoop python process lead spark deeplearning machinelearning tableau hadoop python process lead,4
Data Science,processing tableau python process machine processing tableau python process machine,1
Data Science,learning machinelearning python language learning machinelearning python language,1
Data Science,deeplearning machinelearning tableau naturallanguageprocessing python process deeplearning machinelearning tableau naturallanguageprocessing python process,1
Data Science,deeplearning machinelearning tableau naturallanguageprocessing python law process deeplearning machinelearning tableau naturallanguageprocessing python law process,2
Data Science,learning processing machinelearning python process learning processing machinelearning python process,1
Data Science,deeplearning machinelearning python language deeplearning machinelearning python language,1
Data Science,processing deeplearning machinelearning tableau python process lead processing deeplearning machinelearning tableau python process lead,2
Data Science,python python,1
Data Science,learning python machinelearning learning python machinelearning,1
Data Science,learning processing machinelearning tableau python process lead learning processing machinelearning tableau python process lead,2
Data Science,deeplearning machinelearning naturallanguageprocessing python process deeplearning machinelearning naturallanguageprocessing python process,1
Data Science,deeplearning machinelearning python deeplearning machinelearning python,1
Data Science,learning spark machinelearning pyspark tableau python hadoop lead learning spark machinelearning pyspark tableau python hadoop lead,5
Data Science,deeplearning machinelearning tableau naturallanguageprocessing python law process deeplearning machinelearning tableau naturallanguageprocessing python law process,2
Data Science,learning processing machinelearning python process learning processing machinelearning python process,1
Data Science,deeplearning machinelearning python language deeplearning machinelearning python language,1
Data Science,processing deeplearning machinelearning tableau python process lead processing deeplearning machinelearning tableau python process lead,2
Data Science,python python,1
Data Science,learning python machinelearning learning python machinelearning,1
Data Science,learning processing machinelearning tableau python process lead learning processing machinelearning tableau python process lead,2
Data Science,deeplearning machinelearning naturallanguageprocessing python process deeplearning machinelearning naturallanguageprocessing python process,1
Data Science,deeplearning machinelearning python deeplearning machinelearning python,1
Data Science,learning spark machinelearning pyspark tableau python hadoop lead learning spark machinelearning pyspark tableau python hadoop lead,5
Data Science,deeplearning machinelearning tableau naturallanguageprocessing python law process deeplearning machinelearning tableau naturallanguageprocessing python law process,2
Data Science,learning processing machinelearning python process learning processing machinelearning python process,1
Data Science,deeplearning machinelearning python language deeplearning machinelearning python language,1
Data Science,processing deeplearning machinelearning tableau python process lead processing deeplearning machinelearning tableau python process lead,2
Data Science,python python,1
Data Science,learning python machinelearning learning python machinelearning,1
Data Science,learning processing machinelearning tableau python process lead learning processing machinelearning tableau python process lead,2
Data Science,deeplearning machinelearning naturallanguageprocessing python process deeplearning machinelearning naturallanguageprocessing python process,1
Data Science,deeplearning machinelearning python deeplearning machinelearning python,1
Data Science,learning spark machinelearning pyspark tableau python hadoop lead learning spark machinelearning pyspark tableau python hadoop lead,5
Data Science,deeplearning machinelearning tableau naturallanguageprocessing python law process deeplearning machinelearning tableau naturallanguageprocessing python law process,2
Data Science,learning processing machinelearning python process learning processing machinelearning python process,1
Data Science,deeplearning machinelearning python language deeplearning machinelearning python language,1
Data Science,processing deeplearning machinelearning tableau python process lead processing deeplearning machinelearning tableau python process lead,2
Data Science,python python,1
Data Science,learning python machinelearning learning python machinelearning,1
Data Science,learning processing machinelearning tableau python process lead learning processing machinelearning tableau python process lead,2
Data Science,deeplearning machinelearning naturallanguageprocessing python process deeplearning machinelearning naturallanguageprocessing python process,1
Data Science,deeplearning machinelearning python deeplearning machinelearning python,1
Data Science,learning spark machinelearning pyspark tableau python hadoop lead learning spark machinelearning pyspark tableau python hadoop lead,5
HR, ,1
HR,processing payroll joining recruitmentprocess processing payroll joining recruitmentprocess,1
HR, ,1
HR, ,1
HR, ,1
HR, ,1
HR, ,1
HR,lead language lead language,1
HR, ,1
HR, ,1
HR, ,1
HR, ,1
HR,processing payroll joining recruitmentprocess processing payroll joining recruitmentprocess,1
HR, ,1
HR, ,1
HR, ,1
HR, ,1
HR, ,1
HR,lead language lead language,1
HR, ,1
HR, ,1
HR, ,1
HR, ,1
HR,processing payroll joining recruitmentprocess processing payroll joining recruitmentprocess,1
HR, ,1
HR, ,1
HR, ,1
HR, ,1
HR, ,1
HR,lead language lead language,1
HR, ,1
HR, ,1
HR, ,1
HR, ,1
HR,processing payroll joining recruitmentprocess processing payroll joining recruitmentprocess,1
HR, ,1
HR, ,1
HR, ,1
HR, ,1
HR, ,1
HR,lead language lead language,1
HR, ,1
HR, ,1
HR, ,1
Advocate,criminal law criminal law,1
Advocate, ,1
Advocate, ,1
Advocate,law law,1
Advocate,processing law process lead criminal processing law process lead criminal,2
Advocate,law law,1
Advocate,criminal naturallanguage law criminal naturallanguage law,1
Advocate,criminal law criminal law,1
Advocate,law law,1
Advocate,law law,1
Advocate,criminal law criminal law,1
Advocate, ,1
Advocate, ,1
Advocate,law law,1
Advocate,processing law process lead criminal processing law process lead criminal,2
Advocate,law law,1
Advocate,criminal naturallanguage law criminal naturallanguage law,1
Advocate,criminal law criminal law,1
Advocate,law law,1
Advocate,law law,1
Arts,joining joining,1
Arts, ,1
Arts,lead law recruitmentprocess lead law recruitmentprocess,1
Arts, ,1
Arts, ,1
Arts,learning learning,1
Arts,joining joining,1
Arts, ,1
Arts,lead law recruitmentprocess lead law recruitmentprocess,1
Arts, ,1
Arts, ,1
Arts,learning learning,1
Arts,joining joining,1
Arts, ,1
Arts,lead law recruitmentprocess lead law recruitmentprocess,1
Arts, ,1
Arts, ,1
Arts,learning learning,1
Arts,joining joining,1
Arts, ,1
Arts,lead law recruitmentprocess lead law recruitmentprocess,1
Arts, ,1
Arts, ,1
Arts,learning learning,1
Arts,joining joining,1
Arts, ,1
Arts,lead law recruitmentprocess lead law recruitmentprocess,1
Arts, ,1
Arts, ,1
Arts,learning learning,1
Arts,joining joining,1
Arts, ,1
Arts,lead law recruitmentprocess lead law recruitmentprocess,1
Arts, ,1
Arts, ,1
Arts,learning learning,1
Web Designing,process process,1
Web Designing,language language,1
Web Designing,process process,1
Web Designing, ,1
Web Designing,language process language process,1
Web Designing,process process,1
Web Designing,language language,1
Web Designing,process process,1
Web Designing, ,1
Web Designing,language process language process,1
Web Designing,process process,1
Web Designing,language language,1
Web Designing,process process,1
Web Designing, ,1
Web Designing,language process language process,1
Web Designing,process process,1
Web Designing,language language,1
Web Designing,process process,1
Web Designing, ,1
Web Designing,language process language process,1
Web Designing,process process,1
Web Designing,language language,1
Web Designing,process process,1
Web Designing, ,1
Web Designing,language process language process,1
Web Designing,process process,1
Web Designing,language language,1
Web Designing,process process,1
Web Designing, ,1
Web Designing,language process language process,1
Web Designing,process process,1
Web Designing,language language,1
Web Designing,process process,1
Web Designing, ,1
Web Designing,language process language process,1
Web Designing,process process,1
Web Designing,language language,1
Web Designing,process process,1
Web Designing, ,1
Web Designing,language process language process,1
Web Designing,process process,1
Web Designing,language language,1
Web Designing,process process,1
Web Designing, ,1
Web Designing,language process language process,1
Mechanical Engineer,lead machine process lead machine process,1
Mechanical Engineer,machine machine,1
Mechanical Engineer, ,1
Mechanical Engineer,lead lead,1
Mechanical Engineer,machine machine,1
Mechanical Engineer,lead machine process lead machine process,1
Mechanical Engineer,machine machine,1
Mechanical Engineer, ,1
Mechanical Engineer,lead lead,1
Mechanical Engineer,machine machine,1
Mechanical Engineer,lead machine process lead machine process,1
Mechanical Engineer,machine machine,1
Mechanical Engineer, ,1
Mechanical Engineer,lead lead,1
Mechanical Engineer,machine machine,1
Mechanical Engineer,lead machine process lead machine process,1
Mechanical Engineer,machine machine,1
Mechanical Engineer, ,1
Mechanical Engineer,lead lead,1
Mechanical Engineer,machine machine,1
Mechanical Engineer,lead machine process lead machine process,1
Mechanical Engineer,machine machine,1
Mechanical Engineer, ,1
Mechanical Engineer,lead lead,1
Mechanical Engineer,machine machine,1
Mechanical Engineer,lead machine process lead machine process,1
Mechanical Engineer,machine machine,1
Mechanical Engineer, ,1
Mechanical Engineer,lead lead,1
Mechanical Engineer,machine machine,1
Mechanical Engineer,lead machine process lead machine process,1
Mechanical Engineer,machine machine,1
Mechanical Engineer, ,1
Mechanical Engineer,lead lead,1
Mechanical Engineer,machine machine,1
Mechanical Engineer,lead machine process lead machine process,1
Mechanical Engineer,machine machine,1
Mechanical Engineer, ,1
Mechanical Engineer,lead lead,1
Mechanical Engineer,machine machine,1
Sales,lead lead,1
Sales,lead lead,1
Sales,learning language lead learning language lead,1
Sales,lead machine payroll lead machine payroll,1
Sales,lead language lead language,1
Sales,lead lead,1
Sales,lead lead,1
Sales,learning language lead learning language lead,1
Sales,lead machine payroll lead machine payroll,1
Sales,lead language lead language,1
Sales,lead lead,1
Sales,lead lead,1
Sales,learning language lead learning language lead,1
Sales,lead machine payroll lead machine payroll,1
Sales,lead language lead language,1
Sales,lead lead,1
Sales,lead lead,1
Sales,learning language lead learning language lead,1
Sales,lead machine payroll lead machine payroll,1
Sales,lead language lead language,1
Sales,lead lead,1
Sales,lead lead,1
Sales,learning language lead learning language lead,1
Sales,lead machine payroll lead machine payroll,1
Sales,lead language lead language,1
Sales,lead lead,1
Sales,lead lead,1
Sales,learning language lead learning language lead,1
Sales,lead machine payroll lead machine payroll,1
Sales,lead language lead language,1
Sales,lead lead,1
Sales,lead lead,1
Sales,learning language lead learning language lead,1
Sales,lead machine payroll lead machine payroll,1
Sales,lead language lead language,1
Sales,lead lead,1
Sales,lead lead,1
Sales,learning language lead learning language lead,1
Sales,lead machine payroll lead machine payroll,1
Sales,lead language lead language,1
Health and fitness, ,1
Health and fitness, ,1
Health and fitness,lead lead,1
Health and fitness,lead recruitment lead recruitment,1
Health and fitness,lead lead,1
Health and fitness,lead lead,1
Health and fitness, ,1
Health and fitness, ,1
Health and fitness,lead lead,1
Health and fitness,lead recruitment lead recruitment,1
Health and fitness,lead lead,1
Health and fitness,lead lead,1
Health and fitness, ,1
Health and fitness, ,1
Health and fitness,lead lead,1
Health and fitness,lead recruitment lead recruitment,1
Health and fitness,lead lead,1
Health and fitness,lead lead,1
Health and fitness, ,1
Health and fitness, ,1
Health and fitness,lead lead,1
Health and fitness,lead recruitment lead recruitment,1
Health and fitness,lead lead,1
Health and fitness,lead lead,1
Health and fitness, ,1
Health and fitness, ,1
Health and fitness,lead lead,1
Health and fitness,lead recruitment lead recruitment,1
Health and fitness,lead lead,1
Health and fitness,lead lead,1
Civil Engineer,natural natural,1
Civil Engineer, ,1
Civil Engineer, ,1
Civil Engineer,lead lead,1
Civil Engineer,machine machine,1
Civil Engineer,learning learning,1
Civil Engineer,natural natural,1
Civil Engineer, ,1
Civil Engineer, ,1
Civil Engineer,lead lead,1
Civil Engineer,machine machine,1
Civil Engineer,learning learning,1
Civil Engineer,natural natural,1
Civil Engineer, ,1
Civil Engineer, ,1
Civil Engineer,lead lead,1
Civil Engineer,machine machine,1
Civil Engineer,learning learning,1
Civil Engineer,natural natural,1
Civil Engineer, ,1
Civil Engineer, ,1
Civil Engineer,lead lead,1
Civil Engineer,machine machine,1
Civil Engineer,learning learning,1
Java Developer, ,1
Java Developer,language language,1
Java Developer,process process,1
Java Developer,language language,1
Java Developer,language language,1
Java Developer,language language,1
Java Developer, ,1
Java Developer, ,1
Java Developer,language language,1
Java Developer,language language,1
Java Developer,language language,1
Java Developer,language language,1
Java Developer,lead language lead language,1
Java Developer,language language,1
Java Developer, ,1
Java Developer,language language,1
Java Developer,process process,1
Java Developer,language language,1
Java Developer,language language,1
Java Developer,language language,1
Java Developer, ,1
Java Developer, ,1
Java Developer,language language,1
Java Developer,language language,1
Java Developer,language language,1
Java Developer,language language,1
Java Developer,lead language lead language,1
Java Developer,language language,1
Java Developer, ,1
Java Developer,language language,1
Java Developer,process process,1
Java Developer,language language,1
Java Developer,language language,1
Java Developer,language language,1
Java Developer, ,1
Java Developer, ,1
Java Developer,language language,1
Java Developer,language language,1
Java Developer,language language,1
Java Developer,language language,1
Java Developer,lead language lead language,1
Java Developer,language language,1
Java Developer, ,1
Java Developer,language language,1
Java Developer,process process,1
Java Developer,language language,1
Java Developer,language language,1
Java Developer,language language,1
Java Developer, ,1
Java Developer, ,1
Java Developer,language language,1
Java Developer,language language,1
Java Developer,language language,1
Java Developer,language language,1
Java Developer,lead language lead language,1
Java Developer,language language,1
Java Developer, ,1
Java Developer,language language,1
Java Developer,process process,1
Java Developer,language language,1
Java Developer,language language,1
Java Developer,language language,1
Java Developer, ,1
Java Developer, ,1
Java Developer,language language,1
Java Developer,language language,1
Java Developer,language language,1
Java Developer,language language,1
Java Developer,lead language lead language,1
Java Developer,language language,1
Java Developer, ,1
Java Developer,language language,1
Java Developer,process process,1
Java Developer,language language,1
Java Developer,language language,1
Java Developer,language language,1
Java Developer, ,1
Java Developer, ,1
Java Developer,language language,1
Java Developer,language language,1
Java Developer,language language,1
Java Developer,language language,1
Java Developer,lead language lead language,1
Java Developer,language language,1
Business Analyst,process process,1
Business Analyst,recruitmentprocess payroll recruitmentprocess payroll,1
Business Analyst,lead language process lead language process,1
Business Analyst,criminal screening process criminal screening process,1
Business Analyst,process process,1
Business Analyst, ,1
Business Analyst,lead language process lead language process,1
Business Analyst,criminal screening process criminal screening process,1
Business Analyst,process process,1
Business Analyst, ,1
Business Analyst,lead language process lead language process,1
Business Analyst,criminal screening process criminal screening process,1
Business Analyst,process process,1
Business Analyst, ,1
Business Analyst,process process,1
Business Analyst,recruitmentprocess payroll recruitmentprocess payroll,1
Business Analyst,lead language process lead language process,1
Business Analyst,criminal screening process criminal screening process,1
Business Analyst,process process,1
Business Analyst, ,1
Business Analyst,lead language process lead language process,1
Business Analyst,criminal screening process criminal screening process,1
Business Analyst,process process,1
Business Analyst, ,1
Business Analyst,lead language process lead language process,1
Business Analyst,criminal screening process criminal screening process,1
Business Analyst,process process,1
Business Analyst, ,1
SAP Developer,python python,1
SAP Developer, ,1
SAP Developer,lead processing process lead processing process,1
SAP Developer,lead lead,1
SAP Developer, ,1
SAP Developer,lead process lead process,1
SAP Developer,python python,1
SAP Developer, ,1
SAP Developer,lead processing process lead processing process,1
SAP Developer,lead lead,1
SAP Developer, ,1
SAP Developer,lead process lead process,1
SAP Developer,python python,1
SAP Developer, ,1
SAP Developer,lead processing process lead processing process,1
SAP Developer,lead lead,1
SAP Developer, ,1
SAP Developer,lead process lead process,1
SAP Developer,python python,1
SAP Developer, ,1
SAP Developer,lead processing process lead processing process,1
SAP Developer,lead lead,1
SAP Developer, ,1
SAP Developer,lead process lead process,1
Automation Testing,learning learning,1
Automation Testing,lead process lead process,1
Automation Testing,learning machinelearning language learning machinelearning language,1
Automation Testing,python language process lead python language process lead,1
Automation Testing,learning recruitmentprocess learning recruitmentprocess,1
Automation Testing,processing process processing process,1
Automation Testing,language language,1
Automation Testing,python language process lead python language process lead,1
Automation Testing,learning recruitmentprocess learning recruitmentprocess,1
Automation Testing,python language process lead python language process lead,1
Automation Testing,learning recruitmentprocess learning recruitmentprocess,1
Automation Testing,python language process lead python language process lead,1
Automation Testing,learning recruitmentprocess learning recruitmentprocess,1
Automation Testing,learning learning,1
Automation Testing,lead process lead process,1
Automation Testing,learning machinelearning language learning machinelearning language,1
Automation Testing,python language process lead python language process lead,1
Automation Testing,learning recruitmentprocess learning recruitmentprocess,1
Automation Testing,processing process processing process,1
Automation Testing,language language,1
Automation Testing,python language process lead python language process lead,1
Automation Testing,learning recruitmentprocess learning recruitmentprocess,1
Automation Testing,python language process lead python language process lead,1
Automation Testing,learning recruitmentprocess learning recruitmentprocess,1
Automation Testing,python language process lead python language process lead,1
Automation Testing,learning recruitmentprocess learning recruitmentprocess,1
Electrical Engineering,lead lead,1
Electrical Engineering,lead lead,1
Electrical Engineering,learning processing process learning processing process,1
Electrical Engineering,machine machine,1
Electrical Engineering,machine machine,1
Electrical Engineering,lead lead,1
Electrical Engineering,lead lead,1
Electrical Engineering,learning processing process learning processing process,1
Electrical Engineering,machine machine,1
Electrical Engineering,machine machine,1
Electrical Engineering,lead lead,1
Electrical Engineering,lead lead,1
Electrical Engineering,learning processing process learning processing process,1
Electrical Engineering,machine machine,1
Electrical Engineering,machine machine,1
Electrical Engineering,lead lead,1
Electrical Engineering,lead lead,1
Electrical Engineering,learning processing process learning processing process,1
Electrical Engineering,machine machine,1
Electrical Engineering,machine machine,1
Electrical Engineering,lead lead,1
Electrical Engineering,lead lead,1
Electrical Engineering,learning processing process learning processing process,1
Electrical Engineering,machine machine,1
Electrical Engineering,machine machine,1
Electrical Engineering,lead lead,1
Electrical Engineering,lead lead,1
Electrical Engineering,learning processing process learning processing process,1
Electrical Engineering,machine machine,1
Electrical Engineering,machine machine,1
Operations Manager,learning processing process lead learning processing process lead,1
Operations Manager,lead machine process lead machine process,1
Operations Manager,lead recruitmentprocess lead recruitmentprocess,1
Operations Manager,lead processing process lead processing process,1
Operations Manager,learning processing process lead learning processing process lead,1
Operations Manager,lead machine process lead machine process,1
Operations Manager,lead recruitmentprocess lead recruitmentprocess,1
Operations Manager,lead processing process lead processing process,1
Operations Manager,learning processing process lead learning processing process lead,1
Operations Manager,lead machine process lead machine process,1
Operations Manager,lead recruitmentprocess lead recruitmentprocess,1
Operations Manager,lead processing process lead processing process,1
Operations Manager,learning processing process lead learning processing process lead,1
Operations Manager,lead machine process lead machine process,1
Operations Manager,lead recruitmentprocess lead recruitmentprocess,1
Operations Manager,lead processing process lead processing process,1
Operations Manager,learning processing process lead learning processing process lead,1
Operations Manager,lead machine process lead machine process,1
Operations Manager,lead recruitmentprocess lead recruitmentprocess,1
Operations Manager,lead processing process lead processing process,1
Operations Manager,learning processing process lead learning processing process lead,1
Operations Manager,lead machine process lead machine process,1
Operations Manager,lead recruitmentprocess lead recruitmentprocess,1
Operations Manager,lead processing process lead processing process,1
Operations Manager,learning processing process lead learning processing process lead,1
Operations Manager,lead machine process lead machine process,1
Operations Manager,lead recruitmentprocess lead recruitmentprocess,1
Operations Manager,lead processing process lead processing process,1
Operations Manager,learning processing process lead learning processing process lead,1
Operations Manager,lead machine process lead machine process,1
Operations Manager,lead recruitmentprocess lead recruitmentprocess,1
Operations Manager,lead processing process lead processing process,1
Operations Manager,learning processing process lead learning processing process lead,1
Operations Manager,lead machine process lead machine process,1
Operations Manager,lead recruitmentprocess lead recruitmentprocess,1
Operations Manager,lead processing process lead processing process,1
Operations Manager,learning processing process lead learning processing process lead,1
Operations Manager,lead machine process lead machine process,1
Operations Manager,lead recruitmentprocess lead recruitmentprocess,1
Operations Manager,lead processing process lead processing process,1
Python Developer,python process python process,1
Python Developer,python python,1
Python Developer,python language python language,1
Python Developer,python languageprocessing process python languageprocessing process,1
Python Developer,spark processing python process lead spark processing python process lead,2
Python Developer,python language python language,1
Python Developer,python process python process,1
Python Developer,python python,1
Python Developer,python language python language,1
Python Developer,python languageprocessing process python languageprocessing process,1
Python Developer,spark processing python process lead spark processing python process lead,2
Python Developer,python language python language,1
Python Developer,python process python process,1
Python Developer,python python,1
Python Developer,python language python language,1
Python Developer,python languageprocessing process python languageprocessing process,1
Python Developer,spark processing python process lead spark processing python process lead,2
Python Developer,python language python language,1
Python Developer,python process python process,1
Python Developer,python python,1
Python Developer,python language python language,1
Python Developer,python languageprocessing process python languageprocessing process,1
Python Developer,spark processing python process lead spark processing python process lead,2
Python Developer,python language python language,1
Python Developer,python process python process,1
Python Developer,python python,1
Python Developer,python language python language,1
Python Developer,python languageprocessing process python languageprocessing process,1
Python Developer,spark processing python process lead spark processing python process lead,2
Python Developer,python language python language,1
Python Developer,python process python process,1
Python Developer,python python,1
Python Developer,python language python language,1
Python Developer,python languageprocessing process python languageprocessing process,1
Python Developer,spark processing python process lead spark processing python process lead,2
Python Developer,python language python language,1
Python Developer,python process python process,1
Python Developer,python python,1
Python Developer,python language python language,1
Python Developer,python languageprocessing process python languageprocessing process,1
Python Developer,spark processing python process lead spark processing python process lead,2
Python Developer,python language python language,1
Python Developer,python process python process,1
Python Developer,python python,1
Python Developer,python language python language,1
Python Developer,python languageprocessing process python languageprocessing process,1
Python Developer,spark processing python process lead spark processing python process lead,2
Python Developer,python language python language,1
DevOps Engineer,lead python process lead python process,1
DevOps Engineer,python language python language,1
DevOps Engineer,lead language process lead language process,1
DevOps Engineer,learning machinelearning tableau process natural lead learning machinelearning tableau process natural lead,1
DevOps Engineer,learning python process lead learning python process lead,1
DevOps Engineer,python payroll process python payroll process,1
DevOps Engineer,lead process lead process,1
DevOps Engineer,lead python process lead python process,1
DevOps Engineer,python language python language,1
DevOps Engineer,lead language process lead language process,1
DevOps Engineer,lead python process lead python process,1
DevOps Engineer,python language python language,1
DevOps Engineer,lead language process lead language process,1
DevOps Engineer,lead python process lead python process,1
DevOps Engineer,python language python language,1
DevOps Engineer,lead language process lead language process,1
DevOps Engineer,lead python process lead python process,1
DevOps Engineer,python language python language,1
DevOps Engineer,lead language process lead language process,1
DevOps Engineer,lead python process lead python process,1
DevOps Engineer,python language python language,1
DevOps Engineer,lead language process lead language process,1
DevOps Engineer,lead python process lead python process,1
DevOps Engineer,python language python language,1
DevOps Engineer,lead language process lead language process,1
DevOps Engineer,lead python process lead python process,1
DevOps Engineer,python language python language,1
DevOps Engineer,lead language process lead language process,1
DevOps Engineer,lead python process lead python process,1
DevOps Engineer,python language python language,1
DevOps Engineer,lead language process lead language process,1
DevOps Engineer,lead python process lead python process,1
DevOps Engineer,python language python language,1
DevOps Engineer,lead language process lead language process,1
DevOps Engineer,lead python process lead python process,1
DevOps Engineer,python language python language,1
DevOps Engineer,lead language process lead language process,1
DevOps Engineer,lead python process lead python process,1
DevOps Engineer,python language python language,1
DevOps Engineer,lead language process lead language process,1
DevOps Engineer,lead python process lead python process,1
DevOps Engineer,python language python language,1
DevOps Engineer,lead language process lead language process,1
DevOps Engineer,lead python process lead python process,1
DevOps Engineer,python language python language,1
DevOps Engineer,lead language process lead language process,1
DevOps Engineer,lead python process lead python process,1
DevOps Engineer,python language python language,1
DevOps Engineer,lead language process lead language process,1
DevOps Engineer,lead python process lead python process,1
DevOps Engineer,python language python language,1
DevOps Engineer,lead language process lead language process,1
DevOps Engineer,lead python process lead python process,1
DevOps Engineer,python language python language,1
DevOps Engineer,lead language process lead language process,1
Network Security Engineer,process process,1
Network Security Engineer, ,1
Network Security Engineer,learning process learning process,1
Network Security Engineer,python language process python language process,1
Network Security Engineer, ,1
Network Security Engineer,process process,1
Network Security Engineer, ,1
Network Security Engineer,learning process learning process,1
Network Security Engineer,python language process python language process,1
Network Security Engineer, ,1
Network Security Engineer,process process,1
Network Security Engineer, ,1
Network Security Engineer,learning process learning process,1
Network Security Engineer,python language process python language process,1
Network Security Engineer, ,1
Network Security Engineer,process process,1
Network Security Engineer, ,1
Network Security Engineer,learning process learning process,1
Network Security Engineer,python language process python language process,1
Network Security Engineer, ,1
Network Security Engineer,process process,1
Network Security Engineer, ,1
Network Security Engineer,learning process learning process,1
Network Security Engineer,python language process python language process,1
Network Security Engineer, ,1
PMO,lead process lead process,1
PMO,recruitmentprocess joining recruitmentprocess joining,1
PMO,process process,1
PMO,lead process lead process,1
PMO,recruitmentprocess joining recruitmentprocess joining,1
PMO,process process,1
PMO,lead process lead process,1
PMO,recruitmentprocess joining recruitmentprocess joining,1
PMO,process process,1
PMO,lead process lead process,1
PMO,recruitmentprocess joining recruitmentprocess joining,1
PMO,process process,1
PMO,lead process lead process,1
PMO,recruitmentprocess joining recruitmentprocess joining,1
PMO,process process,1
PMO,lead process lead process,1
PMO,recruitmentprocess joining recruitmentprocess joining,1
PMO,process process,1
PMO,lead process lead process,1
PMO,recruitmentprocess joining recruitmentprocess joining,1
PMO,process process,1
PMO,lead process lead process,1
PMO,recruitmentprocess joining recruitmentprocess joining,1
PMO,process process,1
PMO,lead process lead process,1
PMO,recruitmentprocess joining recruitmentprocess joining,1
PMO,process process,1
PMO,lead process lead process,1
PMO,recruitmentprocess joining recruitmentprocess joining,1
PMO,process process,1
Database,lead language lead language,1
Database,lead payroll lead payroll,1
Database,lead deep process lead deep process,1
Database,recruitmentprocess recruitmentprocess,1
Database,process process,1
Database,lead language lead language,1
Database,process process,1
Database,process process,1
Database,lead lead,1
Database, ,1
Database,learning machinelearning python lead learning machinelearning python lead,1
Database,lead language lead language,1
Database,lead payroll lead payroll,1
Database,lead deep process lead deep process,1
Database,recruitmentprocess recruitmentprocess,1
Database,process process,1
Database,lead language lead language,1
Database,process process,1
Database,process process,1
Database,lead lead,1
Database, ,1
Database,learning machinelearning python lead learning machinelearning python lead,1
Database,lead language lead language,1
Database,lead payroll lead payroll,1
Database,lead deep process lead deep process,1
Database,recruitmentprocess recruitmentprocess,1
Database,process process,1
Database,lead language lead language,1
Database,process process,1
Database,process process,1
Database,lead lead,1
Database, ,1
Database,learning machinelearning python lead learning machinelearning python lead,1
Hadoop,spark processing hadoop python process joining deep spark processing hadoop python process joining deep,3
Hadoop,hadoop spark hadoop spark,1
Hadoop,learning spark tableau hadoop process lead learning spark tableau hadoop process lead,3
Hadoop,learning spark machinelearning pyspark tableau python hadoop language learning spark machinelearning pyspark tableau python hadoop language,4
Hadoop,learning spark python hadoop process languageprocessing learning spark python hadoop process languageprocessing,2
Hadoop,spark hadoop python process languageprocessing spark hadoop python process languageprocessing,2
Hadoop,spark hadoop process languageprocessing spark hadoop process languageprocessing,1
Hadoop,spark processing hadoop python process joining deep spark processing hadoop python process joining deep,3
Hadoop,hadoop spark hadoop spark,1
Hadoop,learning spark tableau hadoop process lead learning spark tableau hadoop process lead,3
Hadoop,learning spark machinelearning pyspark tableau python hadoop language learning spark machinelearning pyspark tableau python hadoop language,4
Hadoop,learning spark python hadoop process languageprocessing learning spark python hadoop process languageprocessing,2
Hadoop,spark hadoop python process languageprocessing spark hadoop python process languageprocessing,2
Hadoop,spark hadoop process languageprocessing spark hadoop process languageprocessing,1
Hadoop,spark processing hadoop python process joining deep spark processing hadoop python process joining deep,3
Hadoop,hadoop spark hadoop spark,1
Hadoop,learning spark tableau hadoop process lead learning spark tableau hadoop process lead,3
Hadoop,learning spark machinelearning pyspark tableau python hadoop language learning spark machinelearning pyspark tableau python hadoop language,4
Hadoop,learning spark python hadoop process languageprocessing learning spark python hadoop process languageprocessing,2
Hadoop,spark hadoop python process languageprocessing spark hadoop python process languageprocessing,2
Hadoop,spark hadoop process languageprocessing spark hadoop process languageprocessing,1
Hadoop,spark processing hadoop python process joining deep spark processing hadoop python process joining deep,3
Hadoop,hadoop spark hadoop spark,1
Hadoop,learning spark tableau hadoop process lead learning spark tableau hadoop process lead,3
Hadoop,learning spark machinelearning pyspark tableau python hadoop language learning spark machinelearning pyspark tableau python hadoop language,4
Hadoop,learning spark python hadoop process languageprocessing learning spark python hadoop process languageprocessing,2
Hadoop,spark hadoop python process languageprocessing spark hadoop python process languageprocessing,2
Hadoop,spark hadoop process languageprocessing spark hadoop process languageprocessing,1
Hadoop,spark processing hadoop python process joining deep spark processing hadoop python process joining deep,3
Hadoop,hadoop spark hadoop spark,1
Hadoop,learning spark tableau hadoop process lead learning spark tableau hadoop process lead,3
Hadoop,learning spark machinelearning pyspark tableau python hadoop language learning spark machinelearning pyspark tableau python hadoop language,4
Hadoop,learning spark python hadoop process languageprocessing learning spark python hadoop process languageprocessing,2
Hadoop,spark hadoop python process languageprocessing spark hadoop python process languageprocessing,2
Hadoop,spark hadoop process languageprocessing spark hadoop process languageprocessing,1
Hadoop,spark processing hadoop python process joining deep spark processing hadoop python process joining deep,3
Hadoop,hadoop spark hadoop spark,1
Hadoop,learning spark tableau hadoop process lead learning spark tableau hadoop process lead,3
Hadoop,learning spark machinelearning pyspark tableau python hadoop language learning spark machinelearning pyspark tableau python hadoop language,4
Hadoop,learning spark python hadoop process languageprocessing learning spark python hadoop process languageprocessing,2
Hadoop,spark hadoop python process languageprocessing spark hadoop python process languageprocessing,2
Hadoop,spark hadoop process languageprocessing spark hadoop process languageprocessing,1
ETL Developer,process process,1
ETL Developer,process process,1
ETL Developer,learning process learning process,1
ETL Developer,processing process processing process,1
ETL Developer, ,1
ETL Developer,process process,1
ETL Developer,process process,1
ETL Developer,learning process learning process,1
ETL Developer,processing process processing process,1
ETL Developer, ,1
ETL Developer,process process,1
ETL Developer,process process,1
ETL Developer,learning process learning process,1
ETL Developer,processing process processing process,1
ETL Developer, ,1
ETL Developer,process process,1
ETL Developer,process process,1
ETL Developer,learning process learning process,1
ETL Developer,processing process processing process,1
ETL Developer, ,1
ETL Developer,process process,1
ETL Developer,process process,1
ETL Developer,learning process learning process,1
ETL Developer,processing process processing process,1
ETL Developer, ,1
ETL Developer,process process,1
ETL Developer,process process,1
ETL Developer,learning process learning process,1
ETL Developer,processing process processing process,1
ETL Developer, ,1
ETL Developer,process process,1
ETL Developer,process process,1
ETL Developer,learning process learning process,1
ETL Developer,processing process processing process,1
ETL Developer, ,1
ETL Developer,process process,1
ETL Developer,process process,1
ETL Developer,learning process learning process,1
ETL Developer,processing process processing process,1
ETL Developer, ,1
DotNet Developer,language language,1
DotNet Developer, ,1
DotNet Developer,lead language lead language,1
DotNet Developer, ,1
DotNet Developer,lead language lead language,1
DotNet Developer,language process language process,1
DotNet Developer,language language,1
DotNet Developer,language language,1
DotNet Developer, ,1
DotNet Developer,lead language lead language,1
DotNet Developer, ,1
DotNet Developer,lead language lead language,1
DotNet Developer,language process language process,1
DotNet Developer,language language,1
DotNet Developer,language language,1
DotNet Developer, ,1
DotNet Developer,lead language lead language,1
DotNet Developer, ,1
DotNet Developer,lead language lead language,1
DotNet Developer,language process language process,1
DotNet Developer,language language,1
DotNet Developer,language language,1
DotNet Developer, ,1
DotNet Developer,lead language lead language,1
DotNet Developer, ,1
DotNet Developer,lead language lead language,1
DotNet Developer,language process language process,1
DotNet Developer,language language,1
Blockchain,language language,1
Blockchain, ,1
Blockchain,python language python language,1
Blockchain,language language,1
Blockchain,learning machinelearning learning machinelearning,1
Blockchain,language language,1
Blockchain, ,1
Blockchain,python language python language,1
Blockchain,language language,1
Blockchain,learning machinelearning learning machinelearning,1
Blockchain,language language,1
Blockchain, ,1
Blockchain,python language python language,1
Blockchain,language language,1
Blockchain,learning machinelearning learning machinelearning,1
Blockchain,language language,1
Blockchain, ,1
Blockchain,python language python language,1
Blockchain,language language,1
Blockchain,learning machinelearning learning machinelearning,1
Blockchain,language language,1
Blockchain, ,1
Blockchain,python language python language,1
Blockchain,language language,1
Blockchain,learning machinelearning learning machinelearning,1
Blockchain,language language,1
Blockchain, ,1
Blockchain,python language python language,1
Blockchain,language language,1
Blockchain,learning machinelearning learning machinelearning,1
Blockchain,language language,1
Blockchain, ,1
Blockchain,python language python language,1
Blockchain,language language,1
Blockchain,learning machinelearning learning machinelearning,1
Blockchain,language language,1
Blockchain, ,1
Blockchain,python language python language,1
Blockchain,language language,1
Blockchain,learning machinelearning learning machinelearning,1
Testing,lead lead,1
Testing,lead language lead language,1
Testing, ,1
Testing,language process language process,1
Testing,lead process lead process,1
Testing, ,1
Testing,language process language process,1
Testing,lead lead,1
Testing,lead language lead language,1
Testing, ,1
Testing,language process language process,1
Testing,lead process lead process,1
Testing, ,1
Testing,language process language process,1
Testing,lead lead,1
Testing,lead language lead language,1
Testing, ,1
Testing,language process language process,1
Testing,lead process lead process,1
Testing, ,1
Testing,language process language process,1
Testing,lead lead,1
Testing,lead language lead language,1
Testing, ,1
Testing,language process language process,1
Testing,lead process lead process,1
Testing, ,1
Testing,language process language process,1
Testing,lead lead,1
Testing,lead language lead language,1
Testing, ,1
Testing,language process language process,1
Testing,lead process lead process,1
Testing, ,1
Testing,language process language process,1
Testing,lead lead,1
Testing,lead language lead language,1
Testing, ,1
Testing,language process language process,1
Testing,lead process lead process,1
Testing, ,1
Testing,language process language process,1
Testing,lead lead,1
Testing,lead language lead language,1
Testing, ,1
Testing,language process language process,1
Testing,lead process lead process,1
Testing, ,1
Testing,language process language process,1
Testing,lead lead,1
Testing,lead language lead language,1
Testing, ,1
Testing,language process language process,1
Testing,lead process lead process,1
Testing, ,1
Testing,language process language process,1
Testing,lead lead,1
Testing,lead language lead language,1
Testing, ,1
Testing,language process language process,1
Testing,lead process lead process,1
Testing, ,1
Testing,language process language process,1
Testing,lead lead,1
Testing,lead language lead language,1
Testing, ,1
Testing,language process language process,1
Testing,lead process lead process,1
Testing, ,1
Testing,language process language process,1
